retire_id,name,canonical_id,canonical_name,distance,items_to_repoint,canonical_items,canonical_in_ss_feed,confidence
598,Graphite/Black,7490,Graphite Black,1,17,0,yes,auto
493,Pink,989,Pine,1,14,0,yes,auto
539,Saye,4320,Sage,1,2,15,yes,auto
4303,RD,509,Red,1,1,598,yes,auto
1017,Forest Green,672,Forrest Green,1,51,75,no,review
2456,Red Frost,2354,Grey Frost,2,23,36,no,review
721,M. Gray,4268,Mod Gray,2,17,85,no,review
2345,Green Frost,2354,Grey Frost,2,16,36,no,review
4241,J.Navy,722,Navy,2,15,644,yes,review
4241,J.Navy,531,Navy,2,15,103,yes,review
554,Maroon Heather,501,Carbon Heather,2,12,9,yes,review
4030,Mod Grey,4268,Mod Gray,1,11,85,no,review
505,Gph,498,Ash,2,10,62,yes,review
514,Black Heahter,500,Black Heather,2,9,0,yes,review
514,Black Heahter,547,Black Heather,2,9,39,yes,review
3403,Gc,505,Gph,2,9,10,no,review
2042,Dgr,3403,Gc,2,8,9,no,review
2042,Dgr,2145,Mgrn,2,8,10,no,review
3772,Oy,3403,Gc,2,8,9,no,review
2023,Chbk,2421,Mbk,2,7,15,no,review
496,Steel,750,Teal,2,7,0,yes,review
644,White/Grey,629,White/Red,2,7,19,no,review
4133,BLGR,2042,Dgr,2,6,8,no,review
2651,Mgnt,2145,Mgrn,2,6,10,no,review
3755,Mna,2421,Mbk,2,6,15,no,review
3755,Mna,2651,Mgnt,2,6,6,no,review
3335,Sap,4320,Sage,2,6,15,yes,review
3335,Sap,810,Sand,2,6,0,yes,review
3335,Sap,1046,Tan,2,6,10,yes,review
4144,BSBGR,4133,BLGR,2,5,6,no,review
3404,Gch,498,Ash,2,5,62,yes,review
3404,Gch,3403,Gc,1,5,9,no,review
3404,Gch,505,Gph,1,5,10,no,review
3043,Grcon,6425,Iron,2,5,15,no,review
7436,Halo Grey,4204,Halo Gray,1,5,5,no,review
1271,Heather Red,1009,Heather Grey,2,5,15,yes,review
1279,Htgr,4133,BLGR,2,5,6,no,review
1279,Htgr,2042,Dgr,2,5,8,no,review
4029,Mnna,2651,Mgnt,2,5,6,no,review
4029,Mnna,3755,Mna,1,5,6,no,review
1854,Olive,490,Lime,2,5,36,yes,review
7185,Brown,6425,Iron,2,4,15,no,review
1776,Carbon,574,Maroon,2,4,213,yes,review
3015,Con Grey,2604,Cool Grey,2,4,9,no,review
3015,Con Grey,2641,Iron Grey,2,4,38,no,review
3015,Con Grey,4030,Mod Grey,2,4,11,no,review
2607,Db,2042,Dgr,2,4,8,no,review
2607,Db,3403,Gc,2,4,9,no,review
2607,Db,2421,Mbk,2,4,15,no,review
2607,Db,3772,Oy,2,4,8,no,review
3240,Dpna,3755,Mna,2,4,6,no,review
3240,Dpna,4029,Mnna,2,4,5,no,review
1825,Dpro,2042,Dgr,2,4,8,no,review
1825,Dpro,3240,Dpna,2,4,4,no,review
3248,Gcon,3403,Gc,2,4,9,no,review
3248,Gcon,3404,Gch,2,4,5,no,review
3248,Gcon,3043,Grcon,1,4,5,no,review
3248,Gcon,6425,Iron,2,4,15,no,review
1290,Kh,498,Ash,2,4,62,yes,review
1290,Kh,2607,Db,2,4,4,no,review
1290,Kh,3403,Gc,2,4,9,no,review
1290,Kh,3404,Gch,2,4,5,no,review
1290,Kh,505,Gph,2,4,10,no,review
1290,Kh,3772,Oy,2,4,8,no,review
4297,PARCH,546,Birch,2,4,2,yes,review
4331,SLTGR,4133,BLGR,2,4,6,no,review
4331,SLTGR,1279,Htgr,2,4,5,no,review
2301,Blushfr,7460,Blush,2,3,1,yes,review
2091,Habl,2983,Atbl,2,3,3,no,review
2096,Hdt,2607,Db,2,3,4,no,review
7452,Heather Green,1264,Heather Grey,2,3,0,yes,review
7452,Heather Green,1009,Heather Grey,2,3,15,yes,review
1034,In,2607,Db,2,3,4,no,review
1034,In,3403,Gc,2,3,9,no,review
1034,In,6425,Iron,2,3,15,no,review
1034,In,1290,Kh,2,3,4,no,review
1034,In,3755,Mna,2,3,6,no,review
1034,In,3772,Oy,2,3,8,no,review
1034,In,989,Pine,2,3,0,yes,review
1034,In,493,Pink,2,3,14,no,review
1034,In,1046,Tan,2,3,10,yes,review
4024,Mdgry,2042,Dgr,2,3,8,no,review
4024,Mdgry,2145,Mgrn,2,3,10,no,review
3432,Ne Ye,3296,Ne/Yl,2,3,7,no,review
3084,Neyl,3432,Ne Ye,2,3,3,no,review
3084,Neyl,3296,Ne/Yl,1,3,7,no,review
3084,Neyl,750,Teal,2,3,0,yes,review
537,Red Heather,524,Grey Heather,2,3,26,yes,review
537,Red Heather,2356,Grey Heather,2,3,0,yes,review
537,Red Heather,525,Grey Heather,2,3,0,yes,review
683,Red/White/Black,6788,Grey/White/Black,2,3,3,no,review
2885,SGH,498,Ash,2,3,62,yes,review
2885,SGH,2042,Dgr,2,3,8,no,review
2885,SGH,3403,Gc,2,3,9,no,review
2885,SGH,3404,Gch,2,3,5,no,review
2885,SGH,505,Gph,2,3,10,no,review
2885,SGH,1290,Kh,2,3,4,no,review
2885,SGH,4320,Sage,2,3,15,yes,review
2885,SGH,3335,Sap,2,3,6,no,review
6012,Si/Red,4525,Gp/Red,2,3,3,no,review
3455,Trh,498,Ash,2,3,62,yes,review
3455,Trh,3404,Gch,2,3,5,no,review
3455,Trh,505,Gph,2,3,10,no,review
3455,Trh,1290,Kh,2,3,4,no,review
3455,Trh,2885,SGH,2,3,3,no,review
3455,Trh,1046,Tan,2,3,10,yes,review
2898,Trnv,1046,Tan,2,3,10,yes,review
2898,Trnv,3455,Trh,2,3,3,no,review
2792,Bktp,1076,Bkfo,2,2,2,no,review
550,Chhtr,515,Caht,2,2,2,no,review
2312,Coast,515,Caht,2,2,2,no,review
2278,Dark Grey,635,Dark Green,2,2,62,yes,review
2057,Dpbk,2023,Chbk,2,2,7,no,review
2057,Dpbk,2607,Db,2,2,4,no,review
2057,Dpbk,3240,Dpna,2,2,4,no,review
2057,Dpbk,1825,Dpro,2,2,4,no,review
2057,Dpbk,2421,Mbk,2,2,15,no,review
3037,Grey/Black Buffalo Check,4304,Red/Black Buffalo Check,2,2,4,no,review
526,Grth,3404,Gch,2,2,5,no,review
526,Grth,505,Gph,2,2,10,no,review
526,Grth,959,Grey,2,2,0,yes,review
526,Grth,523,Grey,2,2,0,yes,review
526,Grth,3455,Trh,2,2,3,no,review
2371,Hlb,2607,Db,2,2,4,no,review
2371,Hlb,2091,Habl,2,2,3,no,review
2371,Hlb,2096,Hdt,2,2,3,no,review
1031,Htna,3240,Dpna,2,2,4,no,review
1031,Htna,2104,Hg/Na,2,2,2,no,review
1031,Htna,1279,Htgr,2,2,5,no,review
1031,Htna,3755,Mna,2,2,6,no,review
1031,Htna,4029,Mnna,2,2,5,no,review
3054,Ig/Wh,3506,Do/Wh,2,2,8,no,review
2843,Lgt,4133,BLGR,2,2,6,no,review
2843,Lgt,2042,Dgr,2,2,8,no,review
2843,Lgt,3403,Gc,2,2,9,no,review
2843,Lgt,2096,Hdt,2,2,3,no,review
2843,Lgt,2651,Mgnt,2,2,6,no,review
2843,Lgt,2885,SGH,2,2,3,no,review
2646,Mag,2421,Mbk,2,2,15,no,review
2646,Mag,3755,Mna,2,2,6,no,review
2646,Mag,4320,Sage,2,2,15,yes,review
2646,Mag,3335,Sap,2,2,6,no,review
2646,Mag,1046,Tan,2,2,10,yes,review
4259,MARED,509,Red,2,2,598,yes,review
2647,Marsh,498,Ash,2,2,62,yes,review
2647,Marsh,4259,MARED,2,2,2,no,review
2647,Marsh,4297,PARCH,2,2,4,no,review
2849,Mb/Bk,2421,Mbk,2,2,15,no,review
1109,Mint,1034,In,2,2,3,no,review
1109,Mint,2651,Mgnt,1,2,6,no,review
1109,Mint,3755,Mna,2,2,6,no,review
1109,Mint,4029,Mnna,2,2,5,no,review
1109,Mint,989,Pine,2,2,0,yes,review
1109,Mint,493,Pink,2,2,14,no,review
2656,Nahe,515,Caht,2,2,2,no,review
2656,Nahe,722,Navy,2,2,644,yes,review
2656,Nahe,531,Navy,2,2,103,yes,review
2656,Nahe,4320,Sage,2,2,15,yes,review
5991,Ngrn,2042,Dgr,2,2,8,no,review
5991,Ngrn,2145,Mgrn,1,2,10,no,review
2444,Odgrn,2042,Dgr,2,2,8,no,review
2444,Odgrn,4024,Mdgry,2,2,3,no,review
2444,Odgrn,2145,Mgrn,2,2,10,no,review
2444,Odgrn,5991,Ngrn,2,2,2,no,review
1869,Red/Royal,638,Grey/Royal,2,2,11,no,review
4313,RO/ST,2312,Coast,2,2,2,no,review
2207,Safgr,4245,LAUGR,2,2,2,no,review
2207,Safgr,4331,SLTGR,2,2,4,no,review
2207,Safgr,4320,Sage,2,2,15,yes,review
539,Saye,2656,Nahe,2,2,2,no,review
539,Saye,810,Sand,2,2,0,yes,review
539,Saye,3335,Sap,2,2,6,no,review
4902,Si/Navy,6216,Ox/Navy,2,2,3,no,review
3124,Vh,498,Ash,2,2,62,yes,review
3124,Vh,2607,Db,2,2,4,no,review
3124,Vh,3403,Gc,2,2,9,no,review
3124,Vh,3404,Gch,2,2,5,no,review
3124,Vh,505,Gph,2,2,10,no,review
3124,Vh,1034,In,2,2,3,no,review
3124,Vh,1290,Kh,1,2,4,no,review
3124,Vh,3772,Oy,2,2,8,no,review
3124,Vh,2885,SGH,2,2,3,no,review
3124,Vh,3455,Trh,2,2,3,no,review
6264,White/Urd,629,White/Red,2,2,19,no,review
2788,Bkhe,4130,BKSH,2,1,1,no,review
2788,Bkhe,1076,Bkfo,2,1,2,no,review
2788,Bkhe,2792,Bktp,2,1,2,no,review
2788,Bkhe,1290,Kh,2,1,4,no,review
2788,Bkhe,2656,Nahe,2,1,2,no,review
1155,Bkma,4126,BK/VA,2,1,2,no,review
1155,Bkma,4130,BKSH,2,1,1,no,review
1155,Bkma,1076,Bkfo,2,1,2,no,review
1155,Bkma,2788,Bkhe,2,1,1,no,review
1155,Bkma,2792,Bktp,2,1,2,no,review
4130,BKSH,498,Ash,2,1,62,yes,review
4130,BKSH,1076,Bkfo,2,1,2,no,review
4130,BKSH,2792,Bktp,2,1,2,no,review
4130,BKSH,7460,Blush,2,1,1,yes,review
4130,BKSH,1290,Kh,2,1,4,no,review
4508,Black/Gp,5013,Black/Kh,2,1,2,no,review
4508,Black/Gp,2799,Blacktop,2,1,6,no,review
4132,BLFOG,1076,Bkfo,2,1,2,no,review
2018,Carhtr,515,Caht,2,1,2,no,review
2018,Carhtr,550,Chhtr,2,1,2,no,review
3497,Ch/Or,550,Chhtr,2,1,2,no,review
3,Crb,2023,Chbk,2,1,7,no,review
3,Crb,2607,Db,2,1,4,no,review
3,Crb,2371,Hlb,2,1,2,no,review
3,Crb,3455,Trh,2,1,3,no,review
2321,Dkfu,1076,Bkfo,2,1,2,no,review
2059,Dpsm,2057,Dpbk,2,1,2,no,review
2059,Dpsm,3240,Dpna,2,1,4,no,review
2059,Dpsm,1825,Dpro,2,1,4,no,review
3023,Dsg,498,Ash,2,1,62,yes,review
3023,Dsg,2607,Db,2,1,4,no,review
3023,Dsg,2042,Dgr,2,1,8,no,review
3023,Dsg,2059,Dpsm,2,1,1,no,review
3023,Dsg,2646,Mag,2,1,2,no,review
3023,Dsg,2885,SGH,2,1,3,no,review
3028,Ec,2607,Db,2,1,4,no,review
3028,Ec,3403,Gc,1,1,9,no,review
3028,Ec,3404,Gch,2,1,5,no,review
3028,Ec,1034,In,2,1,3,no,review
3028,Ec,1290,Kh,2,1,4,no,review
3028,Ec,3772,Oy,2,1,8,no,review
3028,Ec,509,Red,2,1,598,yes,review
3028,Ec,3124,Vh,2,1,2,no,review
6164,Forrest Green/Si,6395,Forrest Green/Lg,2,1,3,no,review
2339,Ga,2607,Db,2,1,4,no,review
2339,Ga,2042,Dgr,2,1,8,no,review
2339,Ga,3028,Ec,2,1,1,no,review
2339,Ga,4188,GARN,2,1,1,no,review
2339,Ga,3403,Gc,1,1,9,no,review
2339,Ga,3404,Gch,2,1,5,no,review
2339,Ga,505,Gph,2,1,10,no,review
2339,Ga,1034,In,2,1,3,no,review
2339,Ga,1290,Kh,2,1,4,no,review
2339,Ga,2843,Lgt,2,1,2,no,review
2339,Ga,2646,Mag,2,1,2,no,review
2339,Ga,3755,Mna,2,1,6,no,review
2339,Ga,3772,Oy,2,1,8,no,review
2339,Ga,2885,SGH,2,1,3,no,review
2339,Ga,3335,Sap,2,1,6,no,review
2339,Ga,1046,Tan,2,1,10,yes,review
2339,Ga,3124,Vh,2,1,2,no,review
4188,GARN,3248,Gcon,2,1,4,no,review
4188,GARN,2145,Mgrn,2,1,10,no,review
4188,GARN,5991,Ngrn,2,1,2,no,review
4188,GARN,1046,Tan,2,1,10,yes,review
639,Grey/White,5950,Green/White,2,1,2,no,review
2635,Gsygr,4144,BSBGR,2,1,5,no,review
2093,Hbk,2023,Chbk,1,1,7,no,review
2093,Hbk,2607,Db,2,1,4,no,review
2093,Hbk,2057,Dpbk,2,1,2,no,review
2093,Hbk,2091,Habl,2,1,3,no,review
2093,Hbk,2096,Hdt,2,1,3,no,review
2093,Hbk,2371,Hlb,2,1,2,no,review
2093,Hbk,2421,Mbk,1,1,15,no,review
4221,HG/NAVY,2104,Hg/Na,2,1,2,no,review
4221,HG/NAVY,6216,Ox/Navy,2,1,3,no,review
4221,HG/NAVY,4902,Si/Navy,2,1,2,no,review
1107,Htmv,1279,Htgr,2,1,5,no,review
1107,Htmv,1031,Htna,2,1,2,no,review
2118,Htrmve,1107,Htmv,2,1,1,no,review
2399,Htrstl,2397,Htrpsbl,2,1,1,no,review
1146,Ig,2607,Db,2,1,4,no,review
1146,Ig,2042,Dgr,2,1,8,no,review
1146,Ig,3023,Dsg,2,1,1,no,review
1146,Ig,3028,Ec,2,1,1,no,review
1146,Ig,2339,Ga,2,1,1,no,review
1146,Ig,3403,Gc,2,1,9,no,review
1146,Ig,1034,In,1,1,3,no,review
1146,Ig,1290,Kh,2,1,4,no,review
1146,Ig,2843,Lgt,2,1,2,no,review
1146,Ig,2646,Mag,2,1,2,no,review
1146,Ig,3772,Oy,2,1,8,no,review
1146,Ig,2885,SGH,2,1,3,no,review
1146,Ig,3124,Vh,2,1,2,no,review
489,Ke,2788,Bkhe,2,1,1,no,review
489,Ke,2607,Db,2,1,4,no,review
489,Ke,3028,Ec,2,1,1,no,review
489,Ke,2339,Ga,2,1,1,no,review
489,Ke,3403,Gc,2,1,9,no,review
489,Ke,1146,Ig,2,1,1,no,review
489,Ke,1034,In,2,1,3,no,review
489,Ke,1290,Kh,1,1,4,no,review
489,Ke,3772,Oy,2,1,8,no,review
489,Ke,509,Red,2,1,598,yes,review
489,Ke,3124,Vh,2,1,2,no,review
5974,Ltb,2983,Atbl,2,1,3,no,review
5974,Ltb,3,Crb,2,1,1,no,review
5974,Ltb,2607,Db,2,1,4,no,review
5974,Ltb,2371,Hlb,2,1,2,no,review
5974,Ltb,2843,Lgt,2,1,2,no,review
3286,Mist,2651,Mgnt,2,1,6,no,review
3286,Mist,1109,Mint,1,1,2,no,review
2155,Mr,3,Crb,2,1,1,no,review
2155,Mr,2607,Db,2,1,4,no,review
2155,Mr,2042,Dgr,2,1,8,no,review
2155,Mr,3028,Ec,2,1,1,no,review
2155,Mr,2339,Ga,2,1,1,no,review
2155,Mr,3403,Gc,2,1,9,no,review
2155,Mr,1146,Ig,2,1,1,no,review
2155,Mr,1034,In,2,1,3,no,review
2155,Mr,489,Ke,2,1,1,no,review
2155,Mr,1290,Kh,2,1,4,no,review
2155,Mr,2646,Mag,2,1,2,no,review
2155,Mr,2421,Mbk,2,1,15,no,review
2155,Mr,2145,Mgrn,2,1,10,no,review
2155,Mr,3755,Mna,2,1,6,no,review
2155,Mr,3772,Oy,2,1,8,no,review
2155,Mr,3455,Trh,2,1,3,no,review
2155,Mr,3124,Vh,2,1,2,no,review
2431,Na/St,4313,RO/ST,2,1,2,no,review
2169,Natb,2983,Atbl,2,1,3,no,review
2169,Natb,5974,Ltb,2,1,1,no,review
2169,Natb,2656,Nahe,2,1,2,no,review
2169,Natb,722,Navy,2,1,644,yes,review
2169,Natb,531,Navy,2,1,103,yes,review
4879,Navy/Si,4874,Navy/Ca,2,1,7,no,review
1110,Negr,4133,BLGR,2,1,6,no,review
1110,Negr,2042,Dgr,2,1,8,no,review
1110,Negr,1279,Htgr,2,1,5,no,review
1110,Negr,3084,Neyl,2,1,3,no,review
1110,Negr,5991,Ngrn,2,1,2,no,review
3435,Oh,498,Ash,2,1,62,yes,review
3435,Oh,2607,Db,2,1,4,no,review
3435,Oh,3028,Ec,2,1,1,no,review
3435,Oh,2339,Ga,2,1,1,no,review
3435,Oh,3403,Gc,2,1,9,no,review
3435,Oh,3404,Gch,2,1,5,no,review
3435,Oh,505,Gph,2,1,10,no,review
3435,Oh,1146,Ig,2,1,1,no,review
3435,Oh,1034,In,2,1,3,no,review
3435,Oh,489,Ke,2,1,1,no,review
3435,Oh,1290,Kh,1,1,4,no,review
3435,Oh,2155,Mr,2,1,1,no,review
3435,Oh,3772,Oy,1,1,8,no,review
3435,Oh,2885,SGH,2,1,3,no,review
3435,Oh,3455,Trh,2,1,3,no,review
3435,Oh,3124,Vh,1,1,2,no,review
2189,Peach,4297,PARCH,2,1,4,no,review
2668,Pewter,1323,Pepper,2,1,32,yes,review
2668,Pewter,3310,Pwtr,2,1,2,no,review
2447,Pfgf,2446,Pf/Gf,1,1,3,no,review
4547,Pi/White,6381,Cp/White,2,1,5,no,review
4303,RD,3,Crb,2,1,1,no,review
4303,RD,2607,Db,2,1,4,no,review
4303,RD,4182,ENRD,2,1,5,no,review
4303,RD,3028,Ec,2,1,1,no,review
4303,RD,2339,Ga,2,1,1,no,review
4303,RD,3403,Gc,2,1,9,no,review
4303,RD,2096,Hdt,2,1,3,no,review
4303,RD,1146,Ig,2,1,1,no,review
4303,RD,1034,In,2,1,3,no,review
4303,RD,489,Ke,2,1,1,no,review
4303,RD,1290,Kh,2,1,4,no,review
4303,RD,2155,Mr,2,1,1,no,review
4303,RD,3435,Oh,2,1,1,no,review
4303,RD,3772,Oy,2,1,8,no,review
4303,RD,3455,Trh,2,1,3,no,review
4303,RD,3124,Vh,2,1,2,no,review
3323,Ro/Hg,4313,RO/ST,2,1,2,no,review
3323,Ro/Hg,3315,Rd/Hg,1,1,1,no,review
4040,Rwb,3,Crb,2,1,1,no,review
4040,Rwb,2607,Db,2,1,4,no,review
4040,Rwb,2371,Hlb,2,1,2,no,review
4040,Rwb,5974,Ltb,2,1,1,no,review
4040,Rwb,4303,RD,2,1,1,no,review
4040,Rwb,4318,RUBY,2,1,2,no,review
4040,Rwb,509,Red,2,1,598,yes,review
3327,Ry/Gy,5762,Sy/Gp,2,1,2,no,review
3790,Sapk,4320,Sage,2,1,15,yes,review
3790,Sapk,810,Sand,2,1,0,yes,review
3790,Sapk,3335,Sap,1,1,6,no,review
3790,Sapk,539,Saye,2,1,2,no,review
4322,SC/ST,2431,Na/St,2,1,1,no,review
4322,SC/ST,4313,RO/ST,2,1,2,no,review
2692,Sgg,2042,Dgr,2,1,8,no,review
2692,Sgg,3023,Dsg,2,1,1,no,review
2692,Sgg,2339,Ga,2,1,1,no,review
2692,Sgg,3403,Gc,2,1,9,no,review
2692,Sgg,1146,Ig,2,1,1,no,review
2692,Sgg,2843,Lgt,2,1,2,no,review
2692,Sgg,2646,Mag,2,1,2,no,review
2692,Sgg,2885,SGH,1,1,3,no,review
2692,Sgg,4320,Sage,2,1,15,yes,review
2692,Sgg,3335,Sap,2,1,6,no,review
2209,Shgr,4133,BLGR,2,1,6,no,review
2209,Shgr,4144,BSBGR,2,1,5,no,review
2209,Shgr,2042,Dgr,2,1,8,no,review
2209,Shgr,2635,Gsygr,2,1,1,no,review
2209,Shgr,1279,Htgr,2,1,5,no,review
2209,Shgr,1110,Negr,2,1,1,no,review
2209,Shgr,2885,SGH,2,1,3,no,review
2209,Shgr,4331,SLTGR,2,1,4,no,review
2209,Shgr,2207,Safgr,2,1,2,no,review
2209,Shgr,4320,Sage,2,1,15,yes,review
2209,Shgr,2692,Sgg,2,1,1,no,review
4555,Si/Black,5372,Vg/Black,2,1,4,no,review
3343,Smgr,4133,BLGR,2,1,6,no,review
3343,Smgr,4144,BSBGR,2,1,5,no,review
3343,Smgr,2042,Dgr,2,1,8,no,review
3343,Smgr,2635,Gsygr,2,1,1,no,review
3343,Smgr,1279,Htgr,2,1,5,no,review
3343,Smgr,2145,Mgrn,2,1,10,no,review
3343,Smgr,2155,Mr,2,1,1,no,review
3343,Smgr,1110,Negr,2,1,1,no,review
3343,Smgr,2885,SGH,2,1,3,no,review
3343,Smgr,4331,SLTGR,2,1,4,no,review
3343,Smgr,2207,Safgr,2,1,2,no,review
3343,Smgr,4320,Sage,2,1,15,yes,review
3343,Smgr,2692,Sgg,2,1,1,no,review
3343,Smgr,2209,Shgr,1,1,1,no,review
3349,Trnvy,2898,Trnv,1,1,3,no,review
2703,Tryl,3084,Neyl,2,1,3,no,review
2703,Tryl,750,Teal,2,1,0,yes,review
2703,Tryl,3455,Trh,2,1,3,no,review
2703,Tryl,2898,Trnv,2,1,3,no,review
4365,WH,498,Ash,2,1,62,yes,review
4365,WH,2607,Db,2,1,4,no,review
4365,WH,3028,Ec,2,1,1,no,review
4365,WH,2339,Ga,2,1,1,no,review
4365,WH,3403,Gc,2,1,9,no,review
4365,WH,3404,Gch,2,1,5,no,review
4365,WH,505,Gph,2,1,10,no,review
4365,WH,1146,Ig,2,1,1,no,review
4365,WH,1034,In,2,1,3,no,review
4365,WH,489,Ke,2,1,1,no,review
4365,WH,1290,Kh,1,1,4,no,review
4365,WH,2155,Mr,2,1,1,no,review
4365,WH,3435,Oh,1,1,1,no,review
4365,WH,3772,Oy,2,1,8,no,review
4365,WH,4303,RD,2,1,1,no,review
4365,WH,4040,Rwb,2,1,1,no,review
4365,WH,2885,SGH,2,1,3,no,review
4365,WH,3455,Trh,2,1,3,no,review
4365,WH,3124,Vh,1,1,2,no,review
4372,WH/ST,2431,Na/St,2,1,1,no,review
4372,WH/ST,4313,RO/ST,2,1,2,no,review
4372,WH/ST,4322,SC/ST,2,1,1,no,review
4107,ATH/HTHR,3190,Ath/Htr,1,0,2,no,review
543,Athgr,1279,Htgr,2,0,5,no,review
543,Athgr,4256,LTHEGR,2,0,1,no,review
543,Athgr,2209,Shgr,2,0,1,no,review
7615,Black Charcoal Heather,4118,Black/Charcoal Heather,1,0,1,no,review
845,Black/Grey,613,Black/Red,2,0,29,no,review
7,Black/Grey,613,Black/Red,2,0,29,no,review
1182,Black/Red,845,Black/Grey,2,0,0,no,review
1182,Black/Red,7,Black/Grey,2,0,0,no,review
5112,Black/Red/White,686,Black/Grey/White,2,0,3,no,review
763,Blue,4133,BLGR,2,0,6,no,review
763,Blue,2788,Bkhe,2,0,1,no,review
763,Blue,7460,Blush,2,0,1,yes,review
763,Blue,3387,Cblu,2,0,2,no,review
2010,Bror,4133,BLGR,2,0,6,no,review
2010,Bror,7185,Brown,2,0,4,no,review
2010,Bror,6425,Iron,2,0,15,no,review
3212,Capi,4147,CAPNK,2,0,0,no,review
3212,Capi,515,Caht,2,0,2,no,review
3212,Capi,3335,Sap,2,0,6,no,review
3212,Capi,3790,Sapk,2,0,1,no,review
734,Capk,4147,CAPNK,1,0,0,no,review
734,Capk,515,Caht,2,0,2,no,review
734,Capk,3212,Capi,1,0,0,no,review
734,Capk,2023,Chbk,2,0,7,no,review
734,Capk,3335,Sap,2,0,6,no,review
734,Capk,3790,Sapk,1,0,1,no,review
4147,CAPNK,3790,Sapk,2,0,1,no,review
3009,Ch/Na,3497,Ch/Or,2,0,1,no,review
3009,Ch/Na,2104,Hg/Na,2,0,2,no,review
3009,Ch/Na,1031,Htna,2,0,2,no,review
518,Chht,515,Caht,1,0,2,no,review
518,Chht,2023,Chbk,2,0,7,no,review
518,Chht,550,Chhtr,1,0,2,no,review
518,Chht,2096,Hdt,2,0,3,no,review
7583,Clear,1208,Clay,2,0,6,no,review
828,Dgh,498,Ash,2,0,62,yes,review
828,Dgh,2607,Db,2,0,4,no,review
828,Dgh,2042,Dgr,1,0,8,no,review
828,Dgh,3023,Dsg,2,0,1,no,review
828,Dgh,2339,Ga,2,0,1,no,review
828,Dgh,3403,Gc,2,0,9,no,review
828,Dgh,3404,Gch,2,0,5,no,review
828,Dgh,505,Gph,2,0,10,no,review
828,Dgh,1146,Ig,2,0,1,no,review
828,Dgh,1290,Kh,2,0,4,no,review
828,Dgh,2843,Lgt,2,0,2,no,review
828,Dgh,3435,Oh,2,0,1,no,review
828,Dgh,2885,SGH,1,0,3,no,review
828,Dgh,2692,Sgg,2,0,1,no,review
828,Dgh,3455,Trh,2,0,3,no,review
828,Dgh,3124,Vh,2,0,2,no,review
828,Dgh,4365,WH,2,0,1,no,review
3244,Flgr,4133,BLGR,1,0,6,no,review
3244,Flgr,2042,Dgr,2,0,8,no,review
3244,Flgr,1279,Htgr,2,0,5,no,review
3244,Flgr,2843,Lgt,2,0,2,no,review
3244,Flgr,1110,Negr,2,0,1,no,review
3244,Flgr,4331,SLTGR,2,0,4,no,review
3244,Flgr,2209,Shgr,2,0,1,no,review
3244,Flgr,3343,Smgr,2,0,1,no,review
7617,Forest Green/White,4521,Forrest Green/White,1,0,4,no,review
765,Green,3043,Grcon,2,0,5,no,review
765,Green,959,Grey,2,0,0,yes,review
765,Green,523,Grey,2,0,0,yes,review
959,Grey,509,Red,2,0,598,yes,review
523,Grey,509,Red,2,0,598,yes,review
887,Grey/Black,623,Red/Black,2,0,28,no,review
637,Grey/Black,623,Red/Black,2,0,28,no,review
807,Grey/Grey,5054,Red/Grey,2,0,1,no,review
891,Grey/Red,807,Grey/Grey,2,0,0,no,review
1243,Grey/Royal,1869,Red/Royal,2,0,2,no,review
796,Grey/White,5950,Green/White,2,0,2,no,review
3717,Grvl,1143,Gravel,2,0,9,yes,review
3717,Grvl,959,Grey,2,0,0,yes,review
3717,Grvl,523,Grey,2,0,0,yes,review
3717,Grvl,526,Grth,2,0,2,no,review
3717,Grvl,2703,Tryl,2,0,1,no,review
1144,He,2788,Bkhe,2,0,1,no,review
1144,He,2607,Db,2,0,4,no,review
1144,He,3028,Ec,2,0,1,no,review
1144,He,2339,Ga,2,0,1,no,review
1144,He,3403,Gc,2,0,9,no,review
1144,He,2093,Hbk,2,0,1,no,review
1144,He,2096,Hdt,2,0,3,no,review
1144,He,2371,Hlb,2,0,2,no,review
1144,He,1146,Ig,2,0,1,no,review
1144,He,1034,In,2,0,3,no,review
1144,He,489,Ke,1,0,1,no,review
1144,He,1290,Kh,2,0,4,no,review
1144,He,2155,Mr,2,0,1,no,review
1144,He,2656,Nahe,2,0,2,no,review
1144,He,3435,Oh,2,0,1,no,review
1144,He,3772,Oy,2,0,8,no,review
1144,He,4303,RD,2,0,1,no,review
1144,He,509,Red,2,0,598,yes,review
1144,He,3124,Vh,2,0,2,no,review
1144,He,4365,WH,2,0,1,no,review
7466,Heather Coral,1272,Heather Royal,2,0,10,no,review
1264,Heather Grey,1271,Heather Red,2,0,5,yes,review
7571,Heathered Grey,1264,Heather Grey,2,0,0,yes,review
7571,Heathered Grey,1009,Heather Grey,2,0,15,yes,review
1258,Hegr,4133,BLGR,2,0,6,no,review
1258,Hegr,2042,Dgr,2,0,8,no,review
1258,Hegr,3244,Flgr,2,0,0,no,review
1258,Hegr,1144,He,2,0,0,no,review
1258,Hegr,1279,Htgr,1,0,5,no,review
1258,Hegr,4256,LTHEGR,2,0,1,no,review
1258,Hegr,1110,Negr,1,0,1,no,review
1258,Hegr,2209,Shgr,2,0,1,no,review
1258,Hegr,3343,Smgr,2,0,1,no,review
1013,Icbl,2983,Atbl,2,0,3,no,review
1013,Icbl,3387,Cblu,2,0,2,no,review
1013,Icbl,2091,Habl,2,0,3,no,review
2408,Iv,2607,Db,2,0,4,no,review
2408,Iv,3028,Ec,2,0,1,no,review
2408,Iv,2339,Ga,2,0,1,no,review
2408,Iv,3403,Gc,2,0,9,no,review
2408,Iv,1144,He,2,0,0,no,review
2408,Iv,1146,Ig,1,0,1,no,review
2408,Iv,1034,In,1,0,3,no,review
2408,Iv,489,Ke,2,0,1,no,review
2408,Iv,1290,Kh,2,0,4,no,review
2408,Iv,2155,Mr,2,0,1,no,review
2408,Iv,3435,Oh,2,0,1,no,review
2408,Iv,3772,Oy,2,0,8,no,review
2408,Iv,4303,RD,2,0,1,no,review
2408,Iv,3124,Vh,2,0,2,no,review
2408,Iv,4365,WH,2,0,1,no,review
1033,Lgr,4133,BLGR,1,0,6,no,review
1033,Lgr,828,Dgh,2,0,0,no,review
1033,Lgr,2042,Dgr,1,0,8,no,review
1033,Lgr,3244,Flgr,1,0,0,no,review
1033,Lgr,2339,Ga,2,0,1,no,review
1033,Lgr,3403,Gc,2,0,9,no,review
1033,Lgr,1258,Hegr,2,0,0,no,review
1033,Lgr,1279,Htgr,2,0,5,no,review
1033,Lgr,1146,Ig,2,0,1,no,review
1033,Lgr,4245,LAUGR,2,0,2,no,review
1033,Lgr,2843,Lgt,1,0,2,no,review
1033,Lgr,5974,Ltb,2,0,1,no,review
1033,Lgr,2145,Mgrn,2,0,10,no,review
1033,Lgr,2155,Mr,2,0,1,no,review
1033,Lgr,1110,Negr,2,0,1,no,review
1033,Lgr,5991,Ngrn,2,0,2,no,review
1033,Lgr,2885,SGH,2,0,3,no,review
1033,Lgr,4331,SLTGR,2,0,4,no,review
1033,Lgr,2692,Sgg,2,0,1,no,review
1033,Lgr,2209,Shgr,2,0,1,no,review
1033,Lgr,3343,Smgr,2,0,1,no,review
6436,Ltgo,1279,Htgr,2,0,5,no,review
6436,Ltgo,1033,Lgr,2,0,0,no,review
6436,Ltgo,2843,Lgt,2,0,2,no,review
6436,Ltgo,5974,Ltb,2,0,1,no,review
6436,Ltgo,4331,SLTGR,2,0,4,no,review
7493,Marina,1848,Marine,1,0,2,no,review
6440,Maroon/B/White,662,Maroon/White,2,0,21,no,review
2420,Mb,3,Crb,2,0,1,no,review
2420,Mb,2607,Db,1,0,4,no,review
2420,Mb,3028,Ec,2,0,1,no,review
2420,Mb,2339,Ga,2,0,1,no,review
2420,Mb,3403,Gc,2,0,9,no,review
2420,Mb,2093,Hbk,2,0,1,no,review
2420,Mb,1144,He,2,0,0,no,review
2420,Mb,2371,Hlb,2,0,2,no,review
2420,Mb,1146,Ig,2,0,1,no,review
2420,Mb,1034,In,2,0,3,no,review
2420,Mb,2408,Iv,2,0,0,no,review
2420,Mb,489,Ke,2,0,1,no,review
2420,Mb,1290,Kh,2,0,4,no,review
2420,Mb,5974,Ltb,2,0,1,no,review
2420,Mb,2646,Mag,2,0,2,no,review
2420,Mb,2421,Mbk,1,0,15,no,review
2420,Mb,3755,Mna,2,0,6,no,review
2420,Mb,2155,Mr,1,0,1,no,review
2420,Mb,3435,Oh,2,0,1,no,review
2420,Mb,3772,Oy,2,0,8,no,review
2420,Mb,4303,RD,2,0,1,no,review
2420,Mb,4040,Rwb,2,0,1,no,review
2420,Mb,3124,Vh,2,0,2,no,review
2420,Mb,4365,WH,2,0,1,no,review
988,Mg,2607,Db,2,0,4,no,review
988,Mg,828,Dgh,2,0,0,no,review
988,Mg,2042,Dgr,2,0,8,no,review
988,Mg,3023,Dsg,2,0,1,no,review
988,Mg,3028,Ec,2,0,1,no,review
988,Mg,2339,Ga,2,0,1,no,review
988,Mg,3403,Gc,2,0,9,no,review
988,Mg,1144,He,2,0,0,no,review
988,Mg,1146,Ig,1,0,1,no,review
988,Mg,1034,In,2,0,3,no,review
988,Mg,2408,Iv,2,0,0,no,review
988,Mg,489,Ke,2,0,1,no,review
988,Mg,1290,Kh,2,0,4,no,review
988,Mg,1033,Lgr,2,0,0,no,review
988,Mg,2843,Lgt,2,0,2,no,review
988,Mg,2646,Mag,1,0,2,no,review
988,Mg,2420,Mb,1,0,0,no,review
988,Mg,2421,Mbk,2,0,15,no,review
988,Mg,2651,Mgnt,2,0,6,no,review
988,Mg,2145,Mgrn,2,0,10,no,review
988,Mg,3755,Mna,2,0,6,no,review
988,Mg,2155,Mr,1,0,1,no,review
988,Mg,3435,Oh,2,0,1,no,review
988,Mg,3772,Oy,2,0,8,no,review
988,Mg,4303,RD,2,0,1,no,review
988,Mg,2885,SGH,2,0,3,no,review
988,Mg,2692,Sgg,2,0,1,no,review
988,Mg,3343,Smgr,2,0,1,no,review
988,Mg,3124,Vh,2,0,2,no,review
988,Mg,4365,WH,2,0,1,no,review
805,Mgr,4133,BLGR,2,0,6,no,review
805,Mgr,828,Dgh,2,0,0,no,review
805,Mgr,2042,Dgr,1,0,8,no,review
805,Mgr,3244,Flgr,2,0,0,no,review
805,Mgr,2339,Ga,2,0,1,no,review
805,Mgr,3403,Gc,2,0,9,no,review
805,Mgr,1258,Hegr,2,0,0,no,review
805,Mgr,1279,Htgr,2,0,5,no,review
805,Mgr,1146,Ig,2,0,1,no,review
805,Mgr,1033,Lgr,1,0,0,no,review
805,Mgr,2843,Lgt,2,0,2,no,review
805,Mgr,2646,Mag,2,0,2,no,review
805,Mgr,2420,Mb,2,0,0,no,review
805,Mgr,2421,Mbk,2,0,15,no,review
805,Mgr,4024,Mdgry,2,0,3,no,review
805,Mgr,988,Mg,1,0,0,no,review
805,Mgr,2651,Mgnt,2,0,6,no,review
805,Mgr,2145,Mgrn,1,0,10,no,review
805,Mgr,3755,Mna,2,0,6,no,review
805,Mgr,2155,Mr,1,0,1,no,review
805,Mgr,1110,Negr,2,0,1,no,review
805,Mgr,5991,Ngrn,2,0,2,no,review
805,Mgr,2885,SGH,2,0,3,no,review
805,Mgr,2692,Sgg,2,0,1,no,review
805,Mgr,2209,Shgr,2,0,1,no,review
805,Mgr,3343,Smgr,1,0,1,no,review
4031,Mod Gray,721,M. Gray,2,0,17,no,review
4031,Mod Gray,4030,Mod Grey,1,0,11,no,review
4032,Mod Grey,3015,Con Grey,2,0,4,no,review
4032,Mod Grey,4031,Mod Gray,1,0,0,no,review
4032,Mod Grey,4268,Mod Gray,1,0,85,no,review
952,Mwh,498,Ash,2,0,62,yes,review
952,Mwh,828,Dgh,2,0,0,no,review
952,Mwh,3404,Gch,2,0,5,no,review
952,Mwh,505,Gph,2,0,10,no,review
952,Mwh,1290,Kh,2,0,4,no,review
952,Mwh,2646,Mag,2,0,2,no,review
952,Mwh,2420,Mb,2,0,0,no,review
952,Mwh,2421,Mbk,2,0,15,no,review
952,Mwh,988,Mg,2,0,0,no,review
952,Mwh,805,Mgr,2,0,0,no,review
952,Mwh,3755,Mna,2,0,6,no,review
952,Mwh,2155,Mr,2,0,1,no,review
952,Mwh,3435,Oh,2,0,1,no,review
952,Mwh,4040,Rwb,2,0,1,no,review
952,Mwh,2885,SGH,2,0,3,no,review
952,Mwh,3455,Trh,2,0,3,no,review
952,Mwh,3124,Vh,2,0,2,no,review
952,Mwh,4365,WH,1,0,1,no,review
7595,Navy Blue,7531,Baby Blue,2,0,0,yes,review
813,Navy/Red,957,Navy/Grey,2,0,0,no,review
7518,Oats,2169,Natb,2,0,1,no,review
6213,Orc,3,Crb,2,0,1,no,review
6213,Orc,3028,Ec,2,0,1,no,review
6213,Orc,3403,Gc,2,0,9,no,review
6213,Orc,2155,Mr,2,0,1,no,review
6213,Orc,4291,ORCH,1,0,0,no,review
6213,Orc,3435,Oh,2,0,1,no,review
6213,Orc,3772,Oy,2,0,8,no,review
6213,Orc,4303,RD,2,0,1,no,review
6213,Orc,3455,Trh,2,0,3,no,review
4291,ORCH,546,Birch,2,0,2,yes,review
4291,ORCH,3246,Frpch,2,0,1,no,review
4291,ORCH,3404,Gch,2,0,5,no,review
4291,ORCH,526,Grth,2,0,2,no,review
4291,ORCH,3435,Oh,2,0,1,no,review
4291,ORCH,3771,Orchid,2,0,30,yes,review
4291,ORCH,4297,PARCH,2,0,4,no,review
4291,ORCH,3455,Trh,2,0,3,no,review
1322,Pep,3028,Ec,2,0,1,no,review
1322,Pep,1144,He,2,0,0,no,review
1322,Pep,489,Ke,2,0,1,no,review
1322,Pep,509,Red,2,0,598,yes,review
1322,Pep,3335,Sap,2,0,6,no,review
989,Pine,490,Lime,2,0,36,yes,review
1331,Red/Black,887,Grey/Black,2,0,0,no,review
1331,Red/Black,637,Grey/Black,2,0,0,no,review
921,Red/White,796,Grey/White,2,0,0,no,review
624,Red/White,796,Grey/White,2,0,0,no,review
921,Red/White,639,Grey/White,2,0,1,no,review
624,Red/White,639,Grey/White,2,0,1,no,review
1342,Roy,2010,Bror,2,0,0,no,review
1342,Roy,959,Grey,2,0,0,yes,review
1342,Roy,523,Grey,2,0,0,yes,review
1342,Roy,6425,Iron,2,0,15,no,review
1342,Roy,3435,Oh,2,0,1,no,review
1342,Roy,3772,Oy,1,0,8,no,review
1342,Roy,4303,RD,2,0,1,no,review
1342,Roy,4318,RUBY,2,0,2,no,review
1342,Roy,509,Red,2,0,598,yes,review
1342,Roy,565,Royal,2,0,597,yes,review
1342,Roy,4040,Rwb,2,0,1,no,review
3328,Sa/Gr,4245,LAUGR,2,0,2,no,review
3328,Sa/Gr,4331,SLTGR,2,0,4,no,review
3328,Sa/Gr,2207,Safgr,1,0,2,no,review
3328,Sa/Gr,4320,Sage,2,0,15,yes,review
3328,Sa/Gr,2209,Shgr,2,0,1,no,review
3328,Sa/Gr,3343,Smgr,2,0,1,no,review
3328,Sa/Gr,5762,Sy/Gp,2,0,2,no,review
810,Sand,4320,Sage,2,0,15,yes,review
810,Sand,1046,Tan,2,0,10,yes,review
6241,Sfgn,2447,Pfgf,2,0,1,no,review
6241,Sfgn,2885,SGH,2,0,3,no,review
6241,Sfgn,2207,Safgr,2,0,2,no,review
6241,Sfgn,4320,Sage,2,0,15,yes,review
6241,Sfgn,2692,Sgg,2,0,1,no,review
6241,Sfgn,2209,Shgr,2,0,1,no,review
6241,Sfgn,3343,Smgr,2,0,1,no,review
1073,Spgr,4133,BLGR,2,0,6,no,review
1073,Spgr,4144,BSBGR,2,0,5,no,review
1073,Spgr,2042,Dgr,2,0,8,no,review
1073,Spgr,3244,Flgr,2,0,0,no,review
1073,Spgr,2635,Gsygr,2,0,1,no,review
1073,Spgr,1258,Hegr,2,0,0,no,review
1073,Spgr,1279,Htgr,2,0,5,no,review
1073,Spgr,1033,Lgr,2,0,0,no,review
1073,Spgr,805,Mgr,2,0,0,no,review
1073,Spgr,1110,Negr,2,0,1,no,review
1073,Spgr,2885,SGH,2,0,3,no,review
1073,Spgr,4331,SLTGR,2,0,4,no,review
1073,Spgr,3328,Sa/Gr,2,0,0,no,review
1073,Spgr,2207,Safgr,2,0,2,no,review
1073,Spgr,4320,Sage,2,0,15,yes,review
1073,Spgr,6241,Sfgn,2,0,0,no,review
1073,Spgr,2692,Sgg,2,0,1,no,review
1073,Spgr,2209,Shgr,1,0,1,no,review
1073,Spgr,3343,Smgr,1,0,1,no,review
5755,Sth,498,Ash,2,0,62,yes,review
5755,Sth,828,Dgh,2,0,0,no,review
5755,Sth,3404,Gch,2,0,5,no,review
5755,Sth,505,Gph,2,0,10,no,review
5755,Sth,526,Grth,2,0,2,no,review
5755,Sth,1290,Kh,2,0,4,no,review
5755,Sth,5974,Ltb,2,0,1,no,review
5755,Sth,952,Mwh,2,0,0,no,review
5755,Sth,3435,Oh,2,0,1,no,review
5755,Sth,2885,SGH,1,0,3,no,review
5755,Sth,3335,Sap,2,0,6,no,review
5755,Sth,2692,Sgg,2,0,1,no,review
5755,Sth,3455,Trh,2,0,3,no,review
5755,Sth,3124,Vh,2,0,2,no,review
5755,Sth,4365,WH,2,0,1,no,review
7478,Taxi,3212,Capi,2,0,0,no,review
7478,Taxi,1046,Tan,2,0,10,yes,review
750,Teal,1046,Tan,2,0,10,yes,review
3575,Vg/Bk,2849,Mb/Bk,2,0,2,no,review
