Internal ID,Name,Abbreviation
7477,Academy,Academy
7611,Airy Blue Heather,Airy Bl Heather
7525,Alabaster/Vintage Black,Alabaster/Black
1979,Alumina,Alumina
1174,Amethyst,Amethyst
1783,Anthracite,Anthracite
6103,Antique Cherry Red,Antique Cherry
2981,Apple,Apple
4104,Aquamarine,Aquamarine
7574,Aquatic Blue,Aquatic Blue
498,Ash,Ash
978,Asphalt,Asphalt
7482,Athletic Gold,Athletic Gold
512,Athletic Grey Triblend,Athltic Grey TB
5206,Athletic Heather,AthleticHeather
728,Athletic Kelly Green,Athletic Kelly
729,Athletic Maroon,Athletic Maroon
1173,Atomic Blue,Atomic Blue
1138,Azalea,Azalea
7531,Baby Blue,Baby Blue
2782,Beige,Beige
980,Berry,Berry
7581,Beryl Green Heather,BerylGrnHeather
546,Birch,Birch
2988,Bk/Dsg,Bk/Dsg
1993,Bk/Gs/Wh,Bk/Gs/Wh
4126,BK/VA,BK/VA
1076,Bkfo,Bkfo
2788,Bkhe,Bkhe
1155,Bkma,Bkma
4130,BKSH,BKSH
2792,Bktp,Bktp
1,Black,Black
4131,BLACK CEMENT,BLACK CEMENT
7615,Black Charcoal Heather,Black Charco He
2291,Black Frost,Black Frost
514,Black Heahter,Bkht
547,Black Heather,Bkhtr
500,Black Heather,Black Heather
7600,Black Heather Camo,Black Heat Camo
7461,Black Leopard,Black Leopard
4116,Black/Anthracite/Metallic Silver,BK/AN/MS
7619,Black/Anthracite/White,BK/AN/WH
7150,Black/Bkleo/Black,Blk/Bkleo/Blk
645,Black/Black,Black/Black
815,Black/Black/Red,Bk/Bk/Rd
822,Black/Black/White,Bk/Bk/Wh
7555,Black/Blue,Black/Blue
7536,Black/Castlerock,Black/Cstlerock
791,Black/Charcoal,Black/Charcoal
4118,Black/Charcoal Heather,Black/Charco He
6727,Black/Columbia Blue,Blk/ColBlu
1178,Black/Dark Grey,Black/Dark Grey
1992,Black/Deep Smoke,Black/DeepSmoke
633,Black/Gold,Black/Gold
4508,Black/Gp,Black/Gp
589,Black/Graphite,Bk/Gp
3481,Black/Graphite/White,Bk/Gp/Wh
845,Black/Grey,Bk/Gr
7,Black/Grey,Black/Grey
686,Black/Grey/White,Bk/Gr/Wh
967,Black/Heather Grey,Bk/Hg
5013,Black/Kh,Black/Kh
7514,Black/Neon Orange/Black,Blk/NeonOrg/Blk
7512,Black/Neon Yellow/Black,Blk/NeYlw/Blk
8,Black/Orange,Black/Orange
544,Black/Orange/White,B/O/W
613,Black/Red,Black/Red
1182,Black/Red,Bk/Red
6331,Black/Red/Black,Black/Red/Black
5112,Black/Red/White,Black/Red/White
846,Black/Royal,Bk/Ro
9,Black/Scarlet,Black/Scarlet
4600,Black/Silver,Black/Silver
1998,Black/Steel,Bk/St
6121,Black/Vintage Red,Black/Vin Red
646,Black/White,Black/White
687,Black/White/Black,Bk/Wh/Bk
3893,Black/White/Red,Bk/Wh/Rd
1999,Black/White/Royal,Bk/Wh/Ro
675,Black/White/Scarlet,Bk/Wh/Sc
784,Black/White/White,Bk/Wh/Wh
2799,Blacktop,Blacktop
4132,BLFOG,BLFOG
4133,BLGR,BLGR
2800,Blin,Blin
7560,Blossom,Blossom
724,Blpi,Blpi
763,Blue,Blue
3486,Blue Nights,Blue Nights
7538,Blue Tint/Grey,Blue Tint/Grey
7590,Blue/Black,Blue/Black
787,Blue/White,Bl/Wh
7460,Blush,Blush
2301,Blushfr,Blushfr
7608,Blustery/Navy,Blustery/Navy
3211,Bright Gold,Bright Gold
733,Bright Red,Bright Red
7492,Bright Seafoam,Bright Seafoam
7582,Brilliant Blue Heather,BrillBlueHeathr
7473,Brisk Blue,Brisk Blue
7552,Brite Orange,Brite Orange
7185,Brown,Brown
4144,BSBGR,BSBGR
7462,Buffalo Plaid,Buffalo Plaid
725,Burnt Orange,Burnt Orange
7454,Butter,Butter
1016,Cabl,Cabl
2015,Cabr,Cabr
515,Caht,Caht
7488,Cancun,Cancun
7588,Candy Pink,Candy Pink
7540,Canvas,Canvas
3212,Capi,Capi
734,Capk,Capk
1776,Carbon,Carbon
501,Carbon Heather,Carbon Heather
7470,Carbon Heather/Athletic Heather,CH/AH
487,Cardinal,Ca
723,Cardinal,Cardinal
7441,Cardinal Metallic,Cardnl Metallic
6155,Cardinal Red,Cardinal Red
594,Cardinal/White,Ca/Wh
2018,Carhtr,Carhtr
3386,Carolina Blue,Carolina Blue
7442,Carolina Blue Mist,Carolina Mist
4002,Castlerock,Cstrk
3995,Castlerock,Castlerock
4000,Castlerock,Cas
3999,Castlerock Heather,Castlerock Hea
4166,Castlerock/Black,Castlerock/BK
3996,Cb/Wh/Na,Cb/Wh/Na
3387,Cblu,Cblu
3009,Ch/Na,Ch/Na
3497,Ch/Or,Ch/Or
7446,Chalky Mint,Chalky Mint
7189,Chamb,Chamb
4151,Chambray,Chambray
595,Charcoal,Charcoal
517,Charcoal,Char
6138,Charcoal Grey,Charcoal Grey
3005,Charcoal Grey Heather,Charcoal Gr Hea
502,Charcoal Heather,Chrcoal Heather
847,Charcoal/Black,Ch/Bk
5121,Charcoal/Navy,Charcoal/Navy
7479,Charcoal/Neon Orange,Char/NeonOrange
849,Charcoal/White,Ch/Wh
2023,Chbk,Chbk
4153,Chelan,Chelan
7448,Cherry Red,Cherry Red
518,Chht,Chht
550,Chhtr,Chhtr
1208,Clay,Clay
7583,Clear,Clear
4156,CLPI,CLPI
2312,Coast,Coast
3223,Cobr,Cobr
669,Columbia Blue,Columbia Blue
7577,Columbia Blue/Graphite,CB/Graphite
1199,Columbia Blue/Navy,Cb/Na
691,Columbia Blue/White,Cb/Wh
6756,Columbia Blue/White/Columbia Blue,ColBlu/Wt/ColB
3015,Con Grey,Con Grey
2314,Cona,Cona
7483,Concrete Grey Heather,ConGryHtr
2604,Cool Grey,Cool Grey
6156,Cornsilk,Cornsilk
1810,Court Purple,Court Purple
2034,Coybr,Coybr
7520,Coyote Brown,Coyote Brown
6381,Cp/White,Cp/White
3,Crb,Crb
3701,Custom,Custom
7440,Cyan/White,Cyan/White
3702,Daisy,Daisy
7445,Daisy Mist,Daisy Mist
7566,Dark Chocolate,Dark Chocolate
635,Dark Green,Dark Green
694,Dark Green/White,DarkGreen/White
2278,Dark Grey,Dk Gr
2050,Dark Grey Heather,DarkGreyHeather
1024,Dark Grey Heather,Dkgrht
7537,Dark Grey/Royal,Dark Grey/Royal
7564,Dark Heather,Dark Heather
7554,Dark Heather Grey,DarkHeatherGrey
7480,Dark Heather Grey/Black,DKHEGR/BK
7444,Dark Navy,Dark Navy
2607,Db,Db
3503,Deep Black,Deep Black
739,Deep Navy,Deep Navy
1824,Deep Red,Deep Red
4172,DEEP ROYAL,DEEP ROYAL
4173,DEEP SMOKE,DEEP SMOKE
3026,Deep Smoke Heather,DSH
1210,Denim,Denim
7485,Desert Pink,Desert Pink
828,Dgh,Dgh
2042,Dgr,Dgr
7559,Diesel Grey,Diesel Grey
2611,Direct Blue,Direct Blue
7437,Distant Gray,Distant Gray
2321,Dkfu,Dkfu
737,Dkhtrgy,Dkhtrgy
3506,Do/Wh,Do/Wh
4177,DOVE GREY,DOVE GREY
2057,Dpbk,Dpbk
3240,Dpna,Dpna
1825,Dpro,Dpro
2059,Dpsm,Dpsm
2325,Dpstbl,Dpstbl
3023,Dsg,Dsg
2067,Duck Brown,Duck Brown
7471,Dusty Rose,Dusty Rose
4179,DUSTY ROSE/WH,DUSTY ROSE/WH
3028,Ec,Ec
2823,Electric Blue,Elbl
7535,Electric Green,Electric Green
7469,Electric Orange,Electric Orange
7458,Elements Agua Blackfin,Elem Agua Black
4182,ENRD,ENRD
7620,Faded Blue,Faded Blue
740,Flash Green,Flash Green
4183,Flat Black,Flat Black
7592,Flat Maroon,Flat Maroon
7439,Flat Navy,Flat Navy
4185,Flat Scarlet,Flat Scarlet
3244,Flgr,Flgr
7605,Focus Blue Melange,Focus Bl Melang
1017,Forest Green,Forest Green
7617,Forest Green/White,Forest Green/Wh
672,Forrest Green,Forrest Green
6395,Forrest Green/Lg,ForGrn/Lg
6164,Forrest Green/Si,ForGrn/Si
4521,Forrest Green/White,ForGrn/White
7510,French Blue,French Blue
3246,Frpch,Frpch
983,Fuchsia,Fuchsia
2339,Ga,Ga
3249,Game Royal,Game Royal
7550,Gardenia,Gardenia
4188,GARN,GARN
2340,Garo,Garo
3403,Gc,Gc
3404,Gch,Gch
3248,Gcon,Gcon
7459,Geranium Heather,GeraniumHeather
4189,Glow Blue,Glow Blue
522,Gold,Gold
5327,Gold/Navy,Gold/Navy
1830,Gold/Royal,Gd/Ro
636,Gold/White,Gold/White
4525,Gp/Red,Gp/Red
4717,Gp/White/Gp,Gp/White/Gp
505,Gph,Gph
488,Graphite,Graphite
7490,Graphite Black,Graphite Black
2087,Graphite Heather,GraphiteHeather
3410,Graphite Heather,Gphtr
7511,Graphite/ Neon Green/Graphite,Gra/NeGrn/Gra
598,Graphite/Black,Gp/Bk
7557,Graphite/Neon Yellow/Graphite,Graphite/NeYe
1143,Gravel,Gravel
3043,Grcon,Grcon
765,Green,Green
2345,Green Frost,Green Frost
7606,Green Oxide Melange,Green Ox Melang
5950,Green/White,Green/White
959,Grey,Gry
523,Grey,Grey
2354,Grey Frost,Grey Frost
524,Grey Heather,Grey Heather
2356,Grey Heather,GRH
525,Grey Heather,Grht
4199,GREY SMOKE,GREY SMOKE
7498,Grey Smoke Heather,GreySmokeHeathe
2349,Grey Steel/Bone,Grey Steel/Bone
7233,Grey Three,Grey Three
7455,Grey Three Melange,Grey 3 Melange
1030,Grey Triblend,Grtri
7481,Grey Triblend,Grey Triblend
7556,Grey-Black Electric,Grey-Black Elec
887,Grey/Black,Gr/Bk
637,Grey/Black,Grey/Black
3037,Grey/Black Buffalo Check,GR/BKBuffalo
6409,Grey/Charcoal/Black,Gry/Char/Blk
807,Grey/Grey,Gr/Gr
889,Grey/Navy,Gr/Na
582,Grey/Navy,Grey/Na
891,Grey/Red,Gr/Rd
638,Grey/Royal,Grey/Royal
1243,Grey/Royal,Gr/Ro
7242,Grey/Sn/White,Grey/Sn/White
639,Grey/White,Grey/White
796,Grey/White,Gr/Wh
6788,Grey/White/Black,Gry/Wht/Blk
7616,Grid Iron Silver,GridIron Silver
4201,GRSTHE,GRSTHE
526,Grth,Grth
3717,Grvl,Grvl
2635,Gsygr,Gsygr
4190,Gunmetal,Gunmetal
3521,Gusty Grey,Gusty Grey
2091,Habl,Habl
4204,Halo Gray,Halo Gray
7436,Halo Grey,Halo Grey
2093,Hbk,Hbk
2096,Hdt,Hdt
1144,He,He
4211,HEATHER,HEATHER
7565,Heather Cardinal,HeatherCardinal
7466,Heather Coral,Heather Coral
7579,Heather Dust,Heather Dust
7580,Heather Forest,Heather Forest
1106,Heather Forest Green,Heather Forest
7452,Heather Green,Heather Green
1009,Heather Grey,Hg
1264,Heather Grey,Heather Grey
7499,Heather Grey/Beige/Amber Gold,Grey/Beige/Gold
7513,Heather Grey/Beige/Ocean Blue,HG/Beige/OcnBlu
7517,Heather Grey/Light Charcoal/Ocean Blue,HG/LtChar/OcBlu
7516,Heather Grey/Light Charcoal/Varsity Red,HG/LtChar/Red
7467,Heather Navy,Heather Navy
7601,Heather Navy Camo,Heath Navy Camo
1270,Heather Purple,Hpu
1271,Heather Red,Hrd
1272,Heather Royal,Heather Royal
2363,Heathered Charcoal,Heathr Charcoal
7571,Heathered Grey,Heathered Grey
7572,Heathered Neptune Blue,Heather Neptune
7570,Heathered Teal,Heathered Teal
1258,Hegr,Hegr
6795,Hegr/White,Hegr/White
7591,Heliconia,Heliconia
4218,HEOL,HEOL
2370,Hg/Hch,Hg/Hch
2104,Hg/Na,Hg/Na
4221,HG/NAVY,HG/NAVY
4222,HIBISCUS,HIBISCUS
2371,Hlb,Hlb
3048,Hot Coral,Hot Coral
1267,Hot Pink,Hp
7463,Hot Pink/Black,Hot Pink/Black
5960,Htdete,Htdete
1279,Htgr,Htgr
1001,Htmltygrn,Htmltygrn
1107,Htmv,Htmv
1031,Htna,Htna
2118,Htrmve,Htrmve
2397,Htrpsbl,Htrpsbl
2399,Htrstl,Htrstl
1013,Icbl,Icbl
7254,Ice Blue,Ice Blue
6191,Ice Grey,Ice Grey
1146,Ig,Ig
3054,Ig/Wh,Ig/Wh
1034,In,In
1093,Indigo,Indigo
7567,Indigo Blue,Indigo Blue
3056,Insignia Blue,Insignia Blue
6425,Iron,Iron
2641,Iron Grey,Iron Grey
7614,Iron Grey/White,Iron Grey/White
2408,Iv,Iv
4240,Ivory,Ivory
4241,J.Navy,J.Navy
3722,Jade Dome,Jade Dome
741,Jet Black,Jet Black
7519,Jewel Green,Jewel Green
489,Ke,Ke
3532,Keblht,Keblht
3417,Kelly,Kelly
4,Kelly Green,Kelly Green
854,Kelly Green/White,Kg/Wh
1290,Kh,Kh
2130,Khaki,Khaki
7515,Khaki/Brown/Khaki,Khak/Brwn/Khak
7548,Khaki/Coffee,Khaki/Coffee
7443,Lagoon Blue,Lagoon Blue
4245,LAUGR,LAUGR
4246,Lavender,Lavender
1033,Lgr,Lgr
2843,Lgt,Lgt
3271,Ligarohe,Ligarohe
1297,Light Blue,Lt Blue
742,Light Blue,Light Blue
811,Light Blue,Lb
868,Light BLue/White,Lb/Wh
2279,Light Grey,Ltgr
4255,Light Grey Heather,LiGrHe
2281,Light Heather Gray,Light Hthr Grey
7553,Light Khaki/White,Light Khaki/Whi
4249,LIGHT PINK,LIGHT PINK
6198,Light Steel,Light Steel
7569,Light Washed Denim,Li Wa Denim
799,Lilac,Lilac
490,Lime,Lime
7596,Lime Burst,Lime Burst
5974,Ltb,Ltb
6436,Ltgo,Ltgo
4256,LTHEGR,LTHEGR
721,M. Gray,Mdgr
7484,Macchiato,Macchiato
2646,Mag,Mag
4259,MARED,MARED
7493,Marina,Marina
7609,Marina Blue,Marina Blue
1848,Marine,Marine
7526,Maritime Frost,Maritime Frost
574,Maroon,Maroon
554,Maroon Heather,Maroon Heather
6440,Maroon/B/White,Maroon/B/White
900,Maroon/Charcoal,Ma/Ch
617,Maroon/Graphite,Maroon/Gp
7558,Maroon/Gray/White,Maroon/GR/WH
662,Maroon/White,Maroon/White
6830,Maroon/White/Maroon,Maroon/Wt/Marn
2647,Marsh,Marsh
4260,Matte Black,Matte Black
6203,Matte Charcoal,Matte Charcoal
3736,Matte Maroon,Matte Maroon
2849,Mb/Bk,Mb/Bk
2421,Mbk,Mbk
4024,Mdgry,Mdgry
3543,Med Blue,Med Blue
3280,Med Gr,Med Gr
951,Medium Grey,Medium Grey
802,Medium Grey Heather,Mgh
4025,Meld Grey Heather,MeGrHe
7544,Metal Grey,Metal Grey
4262,Metallic Silver,Metallic Silver
7562,Metro Blue,Metro Blue
988,Mg,Mg
2651,Mgnt,Mgnt
805,Mgr,Mgr
2145,Mgrn,Mgrn
3279,Midnight Navy,Midnight Navy
1121,Migr,Migr
7604,Military Camo,Military Camo
7593,Military Green,Military Green
7468,Military Green Heather,MilGreenHe
1109,Mint,Mint
7563,Mint Green,Mint Green
3286,Mist,Mist
3755,Mna,Mna
4029,Mnna,Mnna
4268,Mod Gray,Mod Gray
4030,Mod Grey,Mod Grey
4032,Mod Grey,Modgrey
2155,Mr,Mr
2157,Mustard,Mustard
952,Mwh,Mwh
7561,Mystic,Mystic
2431,Na/St,Na/St
2656,Nahe,Nahe
2169,Natb,Natb
1028,Natural,Natural
7523,Natural Heather,Natural Heather
2171,Natural/Black,Natural/Black
531,Navy,Navy
722,Navy,Navy
7595,Navy Blue,Navy Blue
2432,Navy Frost,Navy Frost
745,Navy Heather,Navy Heather
4874,Navy/Ca,Navy/Ca
906,Navy/Charcoal,Ny/Ch
762,Navy/Columbia Blue,Na/Cb
803,Navy/Gold/White,Na/Gd/Wh
555,Navy/Graphite,Na/Gp
957,Navy/Grey,Na/Gr
831,Navy/Grey/White,Na/Gr/Wh
556,Navy/Heather Grey,Na/Hg
904,Navy/Navy,Navy/Navy
5697,Navy/Orange,Navy/Orange
813,Navy/Red,Na/Rd
4879,Navy/Si,Navy/Si
7575,Navy/Steel Grey,Navy/Steel Grey
7549,Navy/Teal,Navy/Teal
1310,Navy/White,Nv/Wh
601,Navy/White,Navy/White
3432,Ne Ye,Ne Ye
3296,Ne/Yl,Ne/Yl
1110,Negr,Negr
2175,Neon Blue,Neon Blue
3298,Neon Green,Neon Green
1130,Neon Orange,Neor
3081,Neon Orange,Neon Orange
1021,Neon Pink,Neon Pink
7586,Neon Rainbow,Neon Rainbow
4280,Neon Violet,Neon Violet
1111,Neon Yellow,Neon Yellow
3299,Nepin,Nepin
2436,New Navy,New Navy
7607,Newport Blue,Newport Blue
3084,Neyl,Neyl
5991,Ngrn,Ngrn
7522,Night Owl,Night Owl
7489,Nordic Green,Nordic Green
6460,Nyht/Navy,Nyht/Navy
4288,OAT/MUSTARD,OAT/MUSTARD
7518,Oats,Oats
3304,Ocean Rainbow,Ocean Rainbow
2444,Odgrn,Odgrn
3435,Oh,Oh
1854,Olive,Olive
3436,Olive/Realtree,Olive/Realtree
769,Onix,Onix
7610,Opal Blue Heather,Opal Bl Heather
7306,Optic Yellow,Optic Yellow
576,Orange,Orange
7543,Orange Crush,Orange Crush
1315,Orange/Black,Or/Bk
663,Orange/Black,Orange/Black
664,Orange/White,Or/Wh
6213,Orc,Orc
4291,ORCH,ORCH
3771,Orchid,Orchid
4292,ORHA,ORHA
6216,Ox/Navy,Ox/Navy
491,Oxford,Oxford
3772,Oy,Oy
4296,Parcel Blue,Parcel Blue
4297,PARCH,PARCH
7573,Pastel Rainbow,Pastel Rainbow
2189,Peach,Peach
2865,Pegrht,Pegrht
1322,Pep,Pep
1323,Pepper,Pepper
7495,Peri Blue,Peri Blue
2668,Pewter,Pewter
2446,Pf/Gf,Pf/Gf
2447,Pfgf,Pfgf
4547,Pi/White,Pi/White
989,Pine,Pine
493,Pink,Pink
7602,Pink Camo,Pink Camo
3094,Pink Raspberry,Pink Raspberry
7539,Pink Rave/Aqua Float,Pink Rave/Aqua
3095,Pink Rush Heather,Pink Rush Heath
4300,PITCH GRAY,PITCH GRAY
3100,Pond Blue Heather,Pond Blue Hthr
7457,Powder Blue/Black,Powder Blue/BK
7568,Prairie Dust,Prairie Dust
1080,Premium Heather,Premium Heather
747,Pro Kelly Green,Pro Kelly Green
12,Purple,Purple
2451,Purple Frost,Purple Frost
7071,Purple/St,Purple/St
665,Purple/White,Purple/White
3310,Pwtr,Pwtr
3555,Quiet Shade Grey,QuietShadeGrey
7612,Quiet Shade Grey Heather,QuietShaGrey He
7613,Quiet Shade Grey Heather/Black,QuietShGrHe/Bk
2452,Radish/Black,Radish/Black
6922,Raspb,Raspb
4303,RD,RD
3315,Rd/Hg,Rd/Hg
5716,Rdwhna,Rdwhna
3438,Realtree Edge,Realtree Edge
7542,Realtree Edge/Coyote Brown,Realtree/Coyote
2683,Rebl,Rebl
509,Red,Red
2456,Red Frost,Red Frost
537,Red Heather,Red Heather
623,Red/Black,Red/Black
1331,Red/Black,Rd/Bk
4304,Red/Black Buffalo Check,Red/Buffalo
5567,Red/Black/Black,Red/Black/Black
579,Red/Graphite,Red/Gp
5054,Red/Grey,Red/Grey
1869,Red/Royal,Rd/Ro
5361,Red/Royal/White,Red/Royal/Wht
6228,Red/Si,Red/Si
921,Red/White,Red/White
624,Red/White,Red/White
683,Red/White/Black,Red/White/Black
6001,Red/White/Blue,R/W/B
5727,Red/White/Navy,Red/White/Navy
5568,Red/White/Red,Red/White/Red
1335,Red/White/Royal,Rd/Wh/Ro
2453,River Blue Navy,River Blue Navy
3562,Ro/Ghtr,Ro/Ghtr
3323,Ro/Hg,Ro/Hg
4313,RO/ST,RO/ST
3111,Ro/Vihe,Ro/Vihe
3789,Ro/Wh/Sv,Ro/Wh/Sv
4316,ROHTR/WH,ROHTR/WH
7453,Rosewater Pink,Rosewater Pink
7505,Rosewood,Rosewood
565,Royal,Royal
2463,Royal Frost,Royal Frost
510,Royal Heather,Roh
564,Royal Heather,Rohtr
1345,Royal/Black,Ry/Bk
1336,Royal/Black,Royal/Black
1337,Royal/Black/White,Ro/Bk/Wh
627,Royal/Carbon,Royal/Crb
832,Royal/Grey/White,Ro/Gr/Wh
5247,Royal/Hg,Royal/Hg
925,Royal/Light Gold,Ro/Lg
4894,Royal/Navy,Royal/Navy
5575,Royal/Red,Royal/Red
1870,Royal/Silver,Royal/Silver
929,Royal/White,Roy/Wh
653,Royal/White,Royal/White
6483,Royal/White/Red,Royal/White/Red
4318,RUBY,RUBY
4040,Rwb,Rwb
3327,Ry/Gy,Ry/Gy
3328,Sa/Gr,Sa/Gr
992,Safety Green,Sygn
1066,Safety Green,Safety Green
1349,Safety Orange,Sftyor
3445,Safety Orange,Sfor
7598,Safety Orange/Reflective,Saf Orange/Refl
6243,Safety Pink,Safety Pink
1153,Safety Yellow,Safety Yellow
7599,Safety Yellow/Reflective,Saf Yellow/Refl
2207,Safgr,Safgr
4320,Sage,Sage
810,Sand,Sand
1149,Saor,Saor
3335,Sap,Sap
6238,Sapi,Sapi
3790,Sapk,Sapk
748,Sapphire,Sapphire
539,Saye,Saye
4042,Sc/Bk/Wh,Sc/Bk/Wh
4322,SC/ST,SC/ST
5,Scarlet,Scarlet
677,Scarlet/Black/White,Sc/Black/White
936,Scarlet/White,Scwh
934,Scarlet/White/Black,Sc/Wh/Bk
5459,Scarlet/White/Royal,Scar/Wht/Ryl
2208,Scbl,Scbl
7507,Scooter Red Heather,Scooter Red
4324,Scuba Blue,Scuba Blue
6241,Sfgn,Sfgn
2692,Sgg,Sgg
2885,SGH,SGH
2209,Shgr,Shgr
7491,Shiitake,Shiitake
4555,Si/Black,Si/Black
4902,Si/Navy,Si/Navy
6012,Si/Red,Si/Red
495,Silver,Silver
1350,Silver Grey,Silver Grey
4330,Silver Tan,Silver Tan
606,Silver/White,Silver/White
3341,Sky Blue,Sky Blue
4331,SLTGR,SLTGR
3343,Smgr,Smgr
4332,Smoke Grey,Smoke Grey
4333,SNOW LEOPARD/WH,SNOW LEOPARD/WH
4334,SOASPH,SOASPH
2891,Sobe,Sobe
4321,Solid Athletic Grey,Solid Athl Grey
7597,Solid Black,Solid Black
4336,Solid Black Triblend,Solid Black TB
6939,Solid Red,Solid Red
1073,Spgr,Spgr
1152,Sport Grey,Sport Grey
1365,Stealth,Stealth
4735,Stealth/Black,Stealth/Black
496,Steel,Steel
4340,Steel Grey,Steel Grey
3448,Stone Blue,Stone Blue
7508,Stone Pink,Stone Pink
7486,Stone Wash Denim,StoneWash Denim
656,Sublimation,Sublimation
4343,Summit White,Summit White
3566,Swiss Blue,Swiss Blue
5762,Sy/Gp,Sy/Gp
7465,Tactical Green,Tactical Green
1046,Tan,Tan
7449,Tangerine,Tangerine
7478,Taxi,Taxi
750,Teal,Teal
7450,Teal Ice,Teal Ice
7587,Team Kelly Green,Team KellyGreen
753,Team Navy,Team Navy
7589,Team Power Red/Clear Grey/White,Power Red/Gr/Wh
754,Team Purple,Team Purple
7551,Team Purple Heather,Team Purple Hea
7618,Team Teal,Team Teal
760,Texas Orange,Texas Orange
4351,Titanium/Black,Titanium/Black
2895,Tmcrd,Tmcrd
4353,TRAWND,TRAWND
976,Trbl,Trbl
5765,Trd/Stlth,Trd/Stlth
3455,Trh,Trh
2898,Trnv,Trnv
3349,Trnvy,Trnvy
6251,Troblu,Troblu
7584,True Blue/White,True Blue/White
7594,True Celadon,True Celadon
1059,True Navy,Trna
7521,True Navy Heather,TrueNavyHeather
7576,True Navy/True Navy Heather,True Navy/NaHe
2702,True Red,True Red
759,True Royal,True Royal
2703,Tryl,Tryl
1019,Turquoise,Turquoise
2471,Turquoise Frost,Turquoise Frost
4358,Ultramarine Blue,Ultramarine
2977,Unassigned,Unassigned
1890,University Red,University Red
2473,Vabl,Vabl
7475,Valor Blue,Valor Blue
2474,Valor Blue,Vbl
6945,Vanilla,Vanilla
7376,Varsity Purple,Varsity Purple
497,Vegas Gold,Vegas Gold
5372,Vg/Black,Vg/Black
3124,Vh,Vh
5376,Vhe/White,Vhe/White
6031,Victory Blue,Victory Blue
1083,Vinpur,Vinpur
4361,Vintage Heather/Black,VintageHe/Black
1064,Vintage Navy,Vntny
7530,Vintage True Navy,Vintage True Na
7487,Vintage Turquoise,Vint Turquoise
4363,Vintage White,Vintage White
3132,Violet,Violet
7545,Violet/Aqua,Violet/Aqua
4365,WH,WH
4372,WH/ST,WH/ST
839,Wh/Wh/Crwh,Wh/Wh/Crwh
1384,White,White
6,White,White
6510,White/Ah,White/Ah
7504,White/Aluminum/Navy,Wh/Alum/Navy
657,White/Black,White/Black
3888,White/Black/Black,White/Black/Bla
863,White/Charcoal,Wh/Ch
6258,White/Columbia Blue,Wht/ColBlu
942,White/Dark Green,Wh/Dg
950,White/Forest Green,Wh/Fg
7398,White/Gold/Black,Wht/Gld/Blk
644,White/Grey,White/Grey
786,White/Grey/Black,White/GR/BK
667,White/Maroon,White/Maroon
944,White/Maroon,Wh/Ma
610,White/Navy,White/Navy
946,White/Navy,Whna
7401,White/Orange/Purple,Wht/Org/Purp
945,White/Purple,Wh/Pu
629,White/Red,Wh/Rd
658,White/Royal,White/Royal
702,White/Royal/Royal,W/R/R
864,White/Scarlet,Wh/Sc
5770,White/Stealth,White/Stealth
6264,White/Urd,White/Urd
659,White/White,Wh/Wh
7503,White/White/Columbia Blue,Wh/Wh/Columbia
3891,White/White/White,Wh/Wh/Wh
7603,Winter Camo,Winter Camo
7578,Wolf Grey,Wolf Grey
580,Yellow,Yellow
7476,Yellow/Orange/Purple,Ye/Or/Pu
