style,pdf_page
EK12,7
EK60,7
RK60,5
RKB12,5
RKD12,5
RKF12,5
RKF60,5
RKH12,5
RKL12,5
RKP12,5
RKS12,5
RKT12,5
RKV12,5
SKN24,5
SKN28,5
TK24R,5
TK28R,5
TKN24,5
TKN28,5
X200,1
X300,1
X301,1
X400,1
X500,1
X600,1
X700,1
X800,1
i1002,2
i2005,4
i2006,4
i2011,2
i2012,4
i2015,4
i2018,4
i2021,4
i2022,4
i2023,4
i2024,4
i2025,4
i2026,4
i2030,4
i2032,4
i2034,4
i2055,4
i2065,4
i2067,4
i2089,4
i3007,2
i3015,2
i3021,2
i3025,2
i3028,2
i3034,2
i3035,2
i3038,2
i3039,2
i3056,2
i3057,2
i3068,2
i3115,2
i5000,2
i5011,2
i5054,2
i6089M,6
i6245CM,6
i6506,6
i6606VC,6
i7007,3
i7023,3
i7024,3
i7035,3
i7038,3
i7042,3
i7266,3
i7310,3
i8501,6
i8502,6
i8503,6
i8504,6
i8505,6
i8507,6
i8508,6
i8509,6
i8510,6
i8511,6
i8513,6
i8518,6
i8520,6
i8522,6
i8525,6
i8527,6
i8530,6
i8533,6
i8540,6
iK22,5
iK23,5
iK37,5
iK40,5
iK55,5
iK56,5
iK57,5
iK58,5
iK59,5
iK61,5
iK65,5
iK70,5
iK75,5
iK8550,6
iK8552,6
iK8554,6
iK8557,6
iK95,5
